{"stats":{"minecraft:broken":{"minecraft:iron_helmet":1},"minecraft:dropped":{"minecraft:dirt":2,"gravestone:obituary":8,"irons_spellbooks:gold_spell_book":2,"irons_spellbooks:rotten_spell_book":2,"biomesoplenty:fir_fence":1,"cannibal:bone_mask":1,"minecraft:oak_door":1,"minecraft:rotten_flesh":1,"minecraft:oak_planks":1,"minecraft:cooked_mutton":4,"born_in_chaos_v1:corpse_maggot":4,"create:limestone":2,"minecraft:stone_brick_stairs":2,"nether_remastered:seal_of_the_underworld_item":1,"minecraft:bread":4,"minecraft:spruce_stairs":1,"biomesoplenty:fir_slab":7,"minecraft:stick":1,"irons_spellbooks:scroll":6,"minecraft:golden_carrot":2,"minecraft:torch":1,"minecraft:potion":1,"minecraft:iron_axe":1,"minecraft:string":2,"minecraft:sweet_berries":3,"nether_remastered:obisidian_infused_bottle":2,"minecraft:potato":32,"minecraft:shield":1,"minecraft:mossy_stone_bricks":2,"born_in_chaos_v1:bone_heart":2},"minecraft:used":{"minecraft:chest":5,"minecraft:mossy_stone_brick_slab":1,"minecraft:rotten_flesh":2,"minecraft:nether_bricks":13,"naturalist:cooked_bass":7,"minecraft:tuff":1,"minecraft:obsidian":18,"born_in_chaos_v1:corpse_maggot":5,"biomesoplenty:fir_sapling":2,"minecraft:stone_brick_stairs":4,"minecraft:sweet_berries":88,"minecraft:furnace":4,"minecraft:potato":7,"biomesoplenty:fir_fence":8,"regions_unexplored:redstone_bulb":2,"minecraft:gray_carpet":1,"minecraft:stone_pickaxe":83,"minecraft:oak_planks":41,"minecraft:wooden_pickaxe":7,"biomesoplenty:fir_planks":554,"minecraft:blue_bed":3,"minecraft:diamond_axe":882,"minecraft:golden_apple":3,"minecraft:glow_berries":7,"waystones:waystone":1,"minecraft:dark_oak_log":1,"born_in_chaos_v1:monster_flesh":1,"minecraft:bread":18,"biomesoplenty:fir_stairs":152,"nether_remastered:seal_of_the_underworld_item":1,"minecraft:iron_bars":2,"minecraft:stone_sword":11,"minecraft:flint_and_steel":1,"minecraft:spruce_planks":54,"minecraft:cooked_salmon":3,"minecraft:cooked_chicken":2,"minecraft:netherrack":69,"minecraft:oak_door":3,"minecraft:torch":46,"minecraft:brewing_stand":1,"minecraft:dirt":9,"minecraft:spruce_stairs":175,"minecraft:iron_hoe":163,"born_in_chaos_v1:black_argillite_column_slab":3,"minecraft:iron_axe":410,"born_in_chaos_v1:black_argillitepressureplate":1,"minecraft:golden_carrot":9,"minecraft:cobbled_deepslate":8,"minecraft:cooked_mutton":4,"born_in_chaos_v1:mint_ice_cream":1,"minecraft:baked_potato":11,"minecraft:red_nether_bricks":1,"regions_unexplored:peat_dirt":2,"minecraft:cracked_stone_bricks":1,"biomesoplenty:fir_slab":25,"minecraft:crafting_table":8,"minecraft:oak_log":4,"minecraft:apple":1,"minecraft:chicken":1,"minecraft:iron_pickaxe":569,"minecraft:cracked_nether_bricks":1,"minecraft:spruce_sapling":3,"regions_unexplored:larch_log":5,"minecraft:stone_axe":55,"minecraft:chiseled_stone_bricks":1,"minecraft:cobblestone":134,"biomesoplenty:fir_door":4,"minecraft:porkchop":2,"biomesoplenty:fir_log":100,"minecraft:dandelion":1},"minecraft:killed_by":{"born_in_chaos_v1:nightmare_stalker":2,"minecraft:wither_skeleton":3,"man:managgresive":2,"realmrpg_demons:demon_minion":3,"minecraft:player":1,"realmrpg_demons:demon_lord":1},"minecraft:crafted":{"minecraft:oak_planks":12,"naturalist:cooked_bass":7,"minecraft:cooked_mutton":7,"minecraft:iron_boots":2,"biomesoplenty:fir_slab":6,"minecraft:chest":7,"minecraft:diamond_axe":1,"minecraft:crafting_table":7,"minecraft:spruce_planks":100,"minecraft:iron_helmet":2,"minecraft:wooden_pickaxe":1,"minecraft:baked_potato":8,"biomesoplenty:fir_planks":158,"minecraft:iron_chestplate":1,"minecraft:shield":1,"minecraft:stick":22,"minecraft:iron_ingot":39,"minecraft:iron_pickaxe":3,"biomesoplenty:fir_door":1,"biomesoplenty:fir_stairs":36,"minecraft:oak_door":1,"minecraft:furnace":6,"minecraft:spruce_stairs":41,"nether_remastered:obisidian_infused_bottle":3,"minecraft:iron_axe":4,"minecraft:iron_hoe":1,"minecraft:stone_pickaxe":1,"minecraft:cooked_salmon":3,"minecraft:stone_axe":1,"minecraft:bread":3,"minecraft:air":1504,"biomesoplenty:fir_fence":3,"minecraft:iron_leggings":2,"minecraft:torch":22},"minecraft:mined":{"create:deepslate_zinc_ore":10,"minecraft:spruce_planks":11,"minecraft:mossy_stone_brick_slab":1,"minecraft:red_nether_bricks":2,"minecraft:potted_crimson_fungus":1,"minecraft:brewing_stand":1,"biomesoplenty:fir_slab":11,"minecraft:grass_block":6,"minecraft:nether_wart":23,"minecraft:chiseled_stone_bricks":2,"minecraft:spawner":2,"regions_unexplored:pointed_redstone":2,"minecraft:red_nether_brick_stairs":2,"minecraft:cobbled_deepslate":1,"minecraft:iron_ore":8,"minecraft:fire":13,"minecraft:deepslate_lapis_ore":1,"biomesoplenty:hellbark_log":4,"minecraft:nether_brick_stairs":2,"minecraft:azure_bluet":1,"minecraft:dirt_path":2,"minecraft:iron_bars":3,"minecraft:pink_tulip":1,"regions_unexplored:larch_log":5,"minecraft:iron_block":2,"create:limestone":2,"minecraft:deepslate_redstone_ore":7,"biomesoplenty:glowworm_silk":1,"minecraft:torch":4,"regions_unexplored:peat_grass_block":2,"born_in_chaos_v1:black_argillite_column_slab":3,"minecraft:cobblestone":19,"minecraft:oak_planks":8,"pots_and_mimics:nether_treasure_pot":1,"minecraft:iron_door":1,"minecraft:wall_torch":2,"realmrpg_skeletons:bow_skeleton":1,"realmrpg_skeletons:webbed_skeleton":2,"minecraft:wheat":10,"minecraft:lilac":6,"minecraft:orange_tulip":2,"biomesoplenty:fir_log":259,"minecraft:stone_brick_stairs":9,"minecraft:grass":37,"minecraft:oak_log":10,"regions_unexplored:peat_dirt":1,"minecraft:dirt":13,"born_in_chaos_v1:black_argillite_wall":1,"minecraft:netherrack":164,"minecraft:oak_leaves":101,"minecraft:deepslate":83,"minecraft:tuff":3,"minecraft:deepslate_diamond_ore":4,"minecraft:dark_oak_log":1,"minecraft:sea_lantern":1,"born_in_chaos_v1:infected_diamond_ore":1,"minecraft:glow_lichen":1,"minecraft:nether_bricks":23,"gravestone:gravestone":11,"born_in_chaos_v1:black_argillite_brick_wall":1,"born_in_chaos_v1:black_argillite":1,"occultism:silver_ore_deepslate":3,"minecraft:spruce_leaves":22,"regions_unexplored:raw_redstone_block":6,"minecraft:cracked_nether_bricks":1,"minecraft:redstone_ore":8,"minecraft:stripped_spruce_log":1,"regions_unexplored:larch_leaves":1,"minecraft:nether_brick_fence":5,"biomesoplenty:fir_door":2,"minecraft:bookshelf":23,"minecraft:potatoes":16,"biomesoplenty:fir_stairs":142,"minecraft:deepslate_iron_ore":40,"minecraft:vine":1,"regions_unexplored:medium_grass":7,"minecraft:stone":124,"regions_unexplored:redstone_bulb":4,"minecraft:soul_sand":17,"minecraft:lily_of_the_valley":1,"minecraft:basalt":2,"minecraft:stone_brick_slab":1,"minecraft:crafting_table":2,"biomesoplenty:fir_planks":147,"born_in_chaos_v1:black_argillite_brick_n":1,"minecraft:rose_bush":5,"minecraft:copper_ore":2,"biomesoplenty:sprout":17,"minecraft:deepslate_gold_ore":1,"endofherobrine:mossy_stone_bricks":1,"minecraft:blue_bed":2,"minecraft:spruce_stairs":30,"regions_unexplored:redstone_bud":1,"biomesoplenty:hellbark_leaves":4,"minecraft:sweet_berry_bush":1,"minecraft:spruce_log":102,"minecraft:coal_ore":19,"biomesoplenty:fir_leaves":57,"minecraft:gray_carpet":1,"minecraft:cracked_stone_bricks":4,"minecraft:stone_bricks":6,"minecraft:mossy_stone_bricks":1,"pots_and_mimics:treasure_pot":6,"minecraft:fern":2},"minecraft:picked_up":{"regions_unexplored:pointed_redstone":6,"minecraft:wheat":12,"irons_spellbooks:rotten_spell_book":2,"minecraft:nether_brick_fence":5,"minecraft:flower_pot":1,"boh:spinel":1,"born_in_chaos_v1:black_argillite_brick_wall":1,"minecraft:enchanted_book":2,"minecraft:potion":3,"minecraft:nether_brick":30,"minecraft:stone_brick_stairs":6,"born_in_chaos_v1:black_argillite_wall":1,"minecraft:brewing_stand":1,"minecraft:warped_stairs":1,"born_in_chaos_v1:black_argillite":1,"minecraft:raw_copper":7,"minecraft:string":16,"cannibal:bone_mask":1,"create:limestone":2,"minecraft:red_nether_bricks":2,"illagerinvasion:platinum_infused_hatchet":1,"minecraft:cobbled_deepslate":84,"minecraft:crimson_fence":1,"biomesoplenty:fir_planks":146,"minecraft:spruce_planks":11,"minecraft:white_tulip":1,"minecraft:rose_bush":6,"regions_unexplored:larch_log":5,"nether_remastered:obisidian_infused_bottle":1,"minecraft:tipped_arrow":2,"minecraft:stick":16,"minecraft:torch":8,"minecraft:spruce_stairs":26,"minecraft:porkchop":2,"nether_remastered:seal_of_the_underworld_item":1,"regions_unexplored:raw_redstone_block":6,"minecraft:warped_button":1,"minecraft:warped_planks":3,"minecraft:rotten_flesh":6,"minecraft:iron_block":2,"biomesoplenty:fir_slab":10,"minecraft:blaze_rod":12,"minecraft:iron_bars":2,"minecraft:cobblestone":205,"minecraft:lilac":4,"minecraft:iron_door":1,"minecraft:brown_wool":1,"minecraft:potato":65,"biomesoplenty:fir_log":258,"biomesoplenty:fir_sapling":2,"minecraft:tuff":2,"create:raw_zinc":11,"biomesoplenty:fir_stairs":133,"minecraft:lapis_lazuli":10,"minecraft:dirt":15,"minecraft:bone":20,"minecraft:orange_tulip":2,"minecraft:wheat_seeds":42,"minecraft:raw_gold":1,"minecraft:mossy_stone_bricks":3,"minecraft:oak_planks":20,"irons_spellbooks:frozen_bone":9,"biomesoplenty:fir_fence":1,"minecraft:stripped_spruce_log":1,"minecraft:nether_brick_stairs":2,"minecraft:lily_of_the_valley":2,"minecraft:dark_oak_log":1,"biomesoplenty:hellbark_log":4,"born_in_chaos_v1:fire_dust":5,"minecraft:diamond":4,"minecraft:polished_blackstone_pressure_plate":1,"waystones:waystone":1,"minecraft:polished_blackstone_button":1,"minecraft:grass":18,"minecraft:oak_sapling":5,"minecraft:netherrack":156,"minecraft:oak_leaves":100,"born_in_chaos_v1:diamond_termite_shard":1,"minecraft:crafting_table":2,"minecraft:azure_bluet":3,"minecraft:stripped_warped_hyphae":7,"minecraft:chicken":1,"minecraft:nether_wart":65,"occultism:raw_silver":3,"minecraft:chain":1,"gravestone:obituary":6,"minecraft:shield":1,"biomesoplenty:fir_door":2,"minecraft:iron_axe":3,"dungeonnowloading:spawner_fragment":16,"minecraft:cracked_stone_bricks":2,"biomesoplenty:sprout":14,"minecraft:raw_iron":48,"minecraft:oak_door":1,"minecraft:redstone":66,"irons_spellbooks:gold_spell_book":4,"minecraft:arrow":3,"regions_unexplored:redstone_bulb":4,"minecraft:nether_bricks":27,"minecraft:deepslate_bricks":1,"minecraft:pink_tulip":2,"minecraft:mutton":2,"born_in_chaos_v1:corpse_maggot":9,"regions_unexplored:peat_dirt":2,"born_in_chaos_v1:black_argillite_column_slab":3,"born_in_chaos_v1:monster_flesh":4,"minecraft:salmon":3,"minecraft:crimson_fungus":1,"minecraft:oak_log":17,"minecraft:gunpowder":3,"minecraft:blue_bed":3,"minecraft:white_banner":1,"minecraft:cooked_mutton":1,"naturalist:bass":7,"minecraft:red_nether_brick_stairs":7,"minecraft:gray_carpet":1,"minecraft:apple":1,"minecraft:stone_bricks":5,"minecraft:cooked_chicken":2,"minecraft:soul_sand":17,"minecraft:book":60,"minecraft:sweet_berries":84,"minecraft:chiseled_stone_bricks":1,"minecraft:dandelion":2,"born_in_chaos_v1:black_argillitepressureplate":1,"born_in_chaos_v1:bone_heart":4,"minecraft:cracked_nether_bricks":2,"minecraft:spruce_sapling":11,"minecraft:spruce_log":99,"minecraft:nether_brick_slab":3,"minecraft:mossy_stone_brick_slab":1,"minecraft:spider_eye":6,"minecraft:baked_potato":3,"minecraft:coal":32,"minecraft:ender_pearl":2},"minecraft:custom":{"minecraft:interact_with_crafting_table":66,"minecraft:open_barrel":64,"minecraft:leave_game":4,"minecraft:time_since_death":8511,"minecraft:damage_resisted":54,"minecraft:sprint_one_cm":482093,"minecraft:drop":64,"minecraft:talked_to_villager":1,"minecraft:play_time":299405,"minecraft:deaths":13,"minecraft:jump":4806,"minecraft:walk_on_water_one_cm":7900,"minecraft:interact_with_furnace":58,"minecraft:sleep_in_bed":14,"minecraft:waystone_activated":2,"minecraft:damage_dealt":24918,"minecraft:crouch_one_cm":117193,"minecraft:horse_one_cm":70568,"minecraft:interact_with_smithing_table":1,"minecraft:mob_kills":108,"minecraft:damage_dealt_resisted":427,"minecraft:climb_one_cm":14536,"minecraft:walk_one_cm":863352,"minecraft:sneak_time":31149,"minecraft:walk_under_water_one_cm":7420,"minecraft:total_world_time":299405,"minecraft:interact_with_stonecutter":1,"minecraft:time_since_rest":658,"minecraft:damage_taken":8308,"minecraft:damage_absorbed":20,"minecraft:swim_one_cm":9326,"minecraft:fly_one_cm":867940,"minecraft:open_chest":88,"minecraft:fall_one_cm":127307},"minecraft:killed":{"minecraft:cave_spider":7,"pots_and_mimics:pot_crab":1,"minecraft:spider":7,"born_in_chaos_v1:baby_skeleton_minion":2,"minecraft:chicken":1,"born_in_chaos_v1:firelight_not_despawn":1,"minecraft:magma_cube":4,"minecraft:pig":2,"realmrpg_creep:creepling":1,"born_in_chaos_v1:diamond_termite":1,"minecraft:salmon":4,"stalwart_dungeons:giddy_blaze":11,"minecraft:creeper":1,"minecraft:sheep":1,"minecraft:zombie":10,"born_in_chaos_v1:corpse_fly":4,"minecraft:stray":3,"cave_dweller:cave_dweller":1,"endofherobrine:cow":1,"born_in_chaos_v1:siamese_skeletonsleft":1,"minecraft:blaze":2,"born_in_chaos_v1:zombie_clown_not_despawn":1,"illagerinvasion:marauder":2,"born_in_chaos_v1:skeleton_thrasher_not_despawn":2,"born_in_chaos_v1:maggot":1,"stalwart_dungeons:nether_wart_cocoon":5,"naturalist:bass":7,"born_in_chaos_v1:siamese_skeletons":1,"born_in_chaos_v1:bone_imp_minion":15,"minecraft:wither_skeleton":4}},"DataVersion":3465}