{"stats":{"minecraft:killed":{"minecraft:cave_spider":7,"pots_and_mimics:pot_crab":1,"born_in_chaos_v1:zombie_clown_not_despawn":1,"minecraft:spider":7,"illagerinvasion:marauder":2,"born_in_chaos_v1:skeleton_thrasher_not_despawn":2,"born_in_chaos_v1:baby_skeleton_minion":2,"born_in_chaos_v1:maggot":1,"minecraft:chicken":1,"naturalist:bass":7,"born_in_chaos_v1:firelight_not_despawn":1,"born_in_chaos_v1:siamese_skeletons":1,"minecraft:pig":2,"realmrpg_creep:creepling":1,"born_in_chaos_v1:bone_imp_minion":15,"born_in_chaos_v1:diamond_termite":1,"minecraft:salmon":4,"minecraft:creeper":1,"minecraft:sheep":1,"minecraft:zombie":8,"minecraft:stray":3,"cave_dweller:cave_dweller":1,"endofherobrine:cow":1,"born_in_chaos_v1:siamese_skeletonsleft":1},"minecraft:crafted":{"biomesoplenty:fir_stairs":36,"minecraft:oak_door":1,"minecraft:oak_planks":12,"minecraft:furnace":6,"naturalist:cooked_bass":7,"minecraft:cooked_mutton":7,"minecraft:spruce_stairs":41,"minecraft:iron_boots":2,"minecraft:iron_axe":4,"biomesoplenty:fir_slab":6,"minecraft:iron_hoe":1,"minecraft:stone_pickaxe":1,"minecraft:chest":7,"minecraft:diamond_axe":1,"minecraft:crafting_table":7,"minecraft:spruce_planks":100,"minecraft:iron_helmet":2,"minecraft:wooden_pickaxe":1,"minecraft:baked_potato":8,"minecraft:cooked_salmon":3,"minecraft:stone_axe":1,"minecraft:bread":3,"minecraft:air":1504,"biomesoplenty:fir_planks":158,"biomesoplenty:fir_fence":3,"minecraft:iron_chestplate":1,"minecraft:shield":1,"minecraft:stick":22,"minecraft:iron_ingot":39,"minecraft:iron_pickaxe":3,"minecraft:iron_leggings":2,"minecraft:torch":22,"biomesoplenty:fir_door":1},"minecraft:mined":{"create:deepslate_zinc_ore":10,"minecraft:tuff":3,"minecraft:spruce_planks":11,"minecraft:deepslate_diamond_ore":4,"minecraft:mossy_stone_brick_slab":1,"minecraft:dark_oak_log":1,"minecraft:potted_crimson_fungus":1,"minecraft:sea_lantern":1,"minecraft:brewing_stand":1,"born_in_chaos_v1:infected_diamond_ore":1,"gravestone:gravestone":3,"minecraft:glow_lichen":1,"biomesoplenty:fir_slab":11,"born_in_chaos_v1:black_argillite_brick_wall":1,"minecraft:grass_block":5,"born_in_chaos_v1:black_argillite":1,"occultism:silver_ore_deepslate":3,"minecraft:spruce_leaves":22,"minecraft:chiseled_stone_bricks":2,"minecraft:spawner":1,"minecraft:redstone_ore":8,"minecraft:iron_ore":8,"minecraft:cobbled_deepslate":1,"minecraft:fire":3,"minecraft:stripped_spruce_log":1,"minecraft:deepslate_lapis_ore":1,"regions_unexplored:larch_leaves":1,"minecraft:azure_bluet":1,"minecraft:bookshelf":23,"biomesoplenty:fir_door":2,"minecraft:potatoes":16,"minecraft:vine":1,"minecraft:deepslate_iron_ore":40,"biomesoplenty:fir_stairs":142,"minecraft:dirt_path":2,"minecraft:iron_bars":3,"minecraft:pink_tulip":1,"regions_unexplored:medium_grass":7,"regions_unexplored:larch_log":5,"minecraft:stone":122,"minecraft:iron_block":2,"create:limestone":2,"minecraft:deepslate_redstone_ore":7,"minecraft:lily_of_the_valley":1,"biomesoplenty:glowworm_silk":1,"minecraft:stone_brick_slab":1,"minecraft:crafting_table":1,"minecraft:torch":4,"regions_unexplored:peat_grass_block":2,"biomesoplenty:fir_planks":125,"born_in_chaos_v1:black_argillite_brick_n":1,"minecraft:rose_bush":5,"born_in_chaos_v1:black_argillite_column_slab":3,"minecraft:cobblestone":19,"minecraft:copper_ore":2,"biomesoplenty:sprout":17,"minecraft:deepslate_gold_ore":1,"minecraft:oak_planks":8,"endofherobrine:mossy_stone_bricks":1,"minecraft:iron_door":1,"minecraft:wall_torch":2,"minecraft:blue_bed":1,"minecraft:spruce_stairs":29,"realmrpg_skeletons:bow_skeleton":1,"realmrpg_skeletons:webbed_skeleton":2,"minecraft:wheat":10,"minecraft:sweet_berry_bush":1,"minecraft:lilac":6,"minecraft:spruce_log":102,"minecraft:orange_tulip":2,"minecraft:stone_brick_stairs":9,"biomesoplenty:fir_log":259,"minecraft:grass":37,"minecraft:coal_ore":19,"minecraft:oak_log":10,"biomesoplenty:fir_leaves":57,"regions_unexplored:peat_dirt":1,"minecraft:dirt":10,"minecraft:gray_carpet":1,"minecraft:cracked_stone_bricks":4,"minecraft:stone_bricks":6,"born_in_chaos_v1:black_argillite_wall":1,"minecraft:netherrack":14,"minecraft:mossy_stone_bricks":1,"pots_and_mimics:treasure_pot":6,"minecraft:oak_leaves":101,"minecraft:fern":2,"minecraft:deepslate":83},"minecraft:custom":{"minecraft:interact_with_smithing_table":1,"minecraft:mob_kills":74,"minecraft:interact_with_crafting_table":63,"minecraft:open_barrel":33,"minecraft:damage_dealt_resisted":427,"minecraft:leave_game":3,"minecraft:time_since_death":128837,"minecraft:climb_one_cm":14536,"minecraft:damage_resisted":42,"minecraft:sprint_one_cm":374215,"minecraft:walk_one_cm":636436,"minecraft:drop":39,"minecraft:talked_to_villager":1,"minecraft:play_time":231056,"minecraft:deaths":2,"minecraft:sneak_time":25285,"minecraft:walk_under_water_one_cm":6902,"minecraft:jump":3306,"minecraft:walk_on_water_one_cm":7062,"minecraft:total_world_time":231056,"minecraft:interact_with_furnace":58,"minecraft:interact_with_stonecutter":1,"minecraft:sleep_in_bed":12,"minecraft:waystone_activated":2,"minecraft:time_since_rest":59927,"minecraft:damage_taken":3787,"minecraft:damage_absorbed":20,"minecraft:damage_dealt":18301,"minecraft:fly_one_cm":655872,"minecraft:swim_one_cm":9326,"minecraft:open_chest":66,"minecraft:crouch_one_cm":91683,"minecraft:fall_one_cm":91204,"minecraft:horse_one_cm":70568},"minecraft:dropped":{"minecraft:bread":4,"biomesoplenty:fir_slab":7,"minecraft:stick":1,"irons_spellbooks:scroll":4,"minecraft:dirt":2,"irons_spellbooks:gold_spell_book":1,"gravestone:obituary":3,"minecraft:potion":1,"minecraft:iron_axe":1,"minecraft:string":2,"cannibal:bone_mask":1,"minecraft:oak_door":1,"minecraft:sweet_berries":3,"minecraft:rotten_flesh":1,"minecraft:oak_planks":1,"minecraft:cooked_mutton":4,"minecraft:potato":32,"create:limestone":2,"minecraft:mossy_stone_bricks":2,"born_in_chaos_v1:bone_heart":2},"minecraft:broken":{"minecraft:iron_helmet":1},"minecraft:picked_up":{"minecraft:crafting_table":2,"born_in_chaos_v1:diamond_termite_shard":1,"minecraft:wheat":12,"minecraft:azure_bluet":3,"minecraft:chicken":1,"minecraft:flower_pot":1,"boh:spinel":1,"born_in_chaos_v1:black_argillite_brick_wall":1,"occultism:raw_silver":3,"minecraft:potion":3,"minecraft:enchanted_book":2,"minecraft:stone_brick_stairs":6,"gravestone:obituary":2,"born_in_chaos_v1:black_argillite_wall":1,"minecraft:chain":1,"minecraft:brewing_stand":1,"minecraft:shield":1,"cannibal:bone_mask":1,"born_in_chaos_v1:black_argillite":1,"create:limestone":2,"biomesoplenty:fir_door":2,"minecraft:string":16,"minecraft:raw_copper":7,"minecraft:iron_axe":3,"dungeonnowloading:spawner_fragment":11,"illagerinvasion:platinum_infused_hatchet":1,"minecraft:cracked_stone_bricks":2,"minecraft:cobbled_deepslate":84,"biomesoplenty:fir_planks":124,"minecraft:spruce_planks":11,"minecraft:white_tulip":1,"regions_unexplored:larch_log":5,"minecraft:rose_bush":6,"biomesoplenty:sprout":14,"minecraft:tipped_arrow":2,"minecraft:stick":15,"minecraft:raw_iron":48,"minecraft:oak_door":1,"minecraft:torch":7,"minecraft:spruce_stairs":25,"minecraft:porkchop":2,"minecraft:redstone":59,"irons_spellbooks:gold_spell_book":1,"minecraft:arrow":3,"minecraft:rotten_flesh":4,"minecraft:iron_block":2,"minecraft:pink_tulip":2,"biomesoplenty:fir_slab":10,"minecraft:mutton":2,"minecraft:iron_bars":2,"minecraft:cobblestone":203,"regions_unexplored:peat_dirt":2,"born_in_chaos_v1:corpse_maggot":1,"born_in_chaos_v1:black_argillite_column_slab":3,"minecraft:lilac":4,"born_in_chaos_v1:monster_flesh":4,"minecraft:iron_door":1,"minecraft:salmon":3,"minecraft:brown_wool":1,"biomesoplenty:fir_sapling":2,"minecraft:potato":65,"biomesoplenty:fir_log":258,"minecraft:oak_log":17,"minecraft:crimson_fungus":1,"create:raw_zinc":11,"minecraft:tuff":2,"minecraft:gunpowder":3,"biomesoplenty:fir_stairs":133,"minecraft:dirt":15,"minecraft:lapis_lazuli":10,"minecraft:blue_bed":2,"minecraft:white_banner":1,"naturalist:bass":7,"minecraft:cooked_mutton":1,"minecraft:bone":16,"minecraft:apple":1,"minecraft:stone_bricks":5,"minecraft:gray_carpet":1,"minecraft:wheat_seeds":42,"minecraft:orange_tulip":2,"minecraft:raw_gold":1,"minecraft:cooked_chicken":2,"minecraft:mossy_stone_bricks":3,"minecraft:oak_planks":20,"minecraft:book":60,"irons_spellbooks:frozen_bone":9,"minecraft:sweet_berries":66,"minecraft:chiseled_stone_bricks":1,"born_in_chaos_v1:bone_heart":4,"born_in_chaos_v1:black_argillitepressureplate":1,"minecraft:dandelion":2,"minecraft:stripped_spruce_log":1,"minecraft:spruce_sapling":11,"minecraft:dark_oak_log":1,"minecraft:mossy_stone_brick_slab":1,"minecraft:spruce_log":99,"minecraft:lily_of_the_valley":2,"minecraft:spider_eye":6,"born_in_chaos_v1:fire_dust":5,"minecraft:diamond":4,"waystones:waystone":1,"minecraft:grass":18,"minecraft:netherrack":14,"minecraft:baked_potato":3,"minecraft:oak_sapling":5,"minecraft:coal":31,"minecraft:oak_leaves":100},"minecraft:killed_by":{"man:managgresive":2},"minecraft:used":{"minecraft:iron_bars":2,"minecraft:flint_and_steel":1,"minecraft:chest":5,"minecraft:spruce_planks":54,"minecraft:cooked_chicken":2,"minecraft:cooked_salmon":3,"minecraft:oak_door":2,"minecraft:torch":46,"minecraft:dirt":9,"minecraft:brewing_stand":1,"minecraft:spruce_stairs":175,"naturalist:cooked_bass":7,"minecraft:tuff":1,"minecraft:obsidian":18,"born_in_chaos_v1:corpse_maggot":1,"minecraft:iron_hoe":163,"born_in_chaos_v1:black_argillite_column_slab":3,"minecraft:iron_axe":410,"biomesoplenty:fir_sapling":2,"born_in_chaos_v1:black_argillitepressureplate":1,"minecraft:sweet_berries":63,"minecraft:furnace":4,"minecraft:potato":7,"minecraft:cobbled_deepslate":8,"biomesoplenty:fir_fence":8,"minecraft:cooked_mutton":4,"born_in_chaos_v1:mint_ice_cream":1,"regions_unexplored:peat_dirt":2,"minecraft:stone_pickaxe":83,"minecraft:gray_carpet":1,"minecraft:oak_planks":39,"minecraft:baked_potato":11,"minecraft:wooden_pickaxe":7,"biomesoplenty:fir_planks":504,"minecraft:diamond_axe":700,"minecraft:blue_bed":2,"minecraft:golden_apple":3,"minecraft:glow_berries":7,"biomesoplenty:fir_slab":25,"minecraft:crafting_table":8,"minecraft:oak_log":4,"waystones:waystone":1,"minecraft:apple":1,"minecraft:dark_oak_log":1,"minecraft:chicken":1,"minecraft:bread":18,"minecraft:iron_pickaxe":365,"biomesoplenty:fir_stairs":151,"minecraft:spruce_sapling":3,"regions_unexplored:larch_log":5,"minecraft:stone_axe":55,"biomesoplenty:fir_door":2,"minecraft:cobblestone":132,"minecraft:porkchop":2,"biomesoplenty:fir_log":100,"minecraft:dandelion":1}},"DataVersion":3465}