{"stats":{"minecraft:broken":{"minecraft:stone_axe":2,"minecraft:iron_pickaxe":1},"minecraft:crafted":{"minecraft:oak_door":6,"minecraft:oak_planks":16,"regions_unexplored:maple_planks":20,"minecraft:furnace":6,"minecraft:iron_boots":1,"born_in_chaos_v1:fried_maggot":11,"minecraft:stone_pickaxe":2,"minecraft:chest":3,"minecraft:smoker":1,"biomesoplenty:dead_planks":6,"born_in_chaos_v1:smoked_fish":2,"minecraft:crafting_table":2,"minecraft:spruce_planks":10,"minecraft:wooden_pickaxe":1,"minecraft:iron_sword":1,"minecraft:copper_ingot":11,"minecraft:stone_axe":2,"minecraft:air":223,"minecraft:shield":1,"minecraft:stick":7,"minecraft:iron_ingot":14,"minecraft:iron_pickaxe":1,"minecraft:iron_leggings":1,"minecraft:torch":7},"minecraft:custom":{"minecraft:mob_kills":37,"minecraft:interact_with_crafting_table":33,"minecraft:damage_dealt_resisted":82,"minecraft:leave_game":4,"minecraft:time_since_death":16654,"minecraft:climb_one_cm":4773,"minecraft:sprint_one_cm":137591,"minecraft:walk_one_cm":324001,"minecraft:drop":53,"minecraft:play_time":133880,"minecraft:deaths":9,"minecraft:sneak_time":20301,"minecraft:walk_under_water_one_cm":25720,"minecraft:jump":1357,"minecraft:walk_on_water_one_cm":24085,"minecraft:total_world_time":133880,"minecraft:interact_with_furnace":46,"minecraft:time_since_rest":16677,"minecraft:damage_taken":3080,"minecraft:damage_dealt":6823,"minecraft:swim_one_cm":51923,"minecraft:fly_one_cm":496833,"minecraft:open_chest":68,"minecraft:crouch_one_cm":61865,"minecraft:interact_with_smoker":2,"minecraft:fall_one_cm":37851},"minecraft:killed":{"minecraft:cod":6,"born_in_chaos_v1:maggot":2,"minecraft:skeleton":3,"born_in_chaos_v1:corpse_fish":2,"minecraft:salmon":1,"minecraft:zombie":5,"born_in_chaos_v1:dread_hound":3,"born_in_chaos_v1:corpse_fly":14},"minecraft:killed_by":{"the_cuckoo_clock:chuckoo_clock_jumpscare":1,"born_in_chaos_v1:nightmare_stalker":3,"born_in_chaos_v1:corpse_fly":1,"apollyon:the_damned":2,"irons_spellbooks:apothecarist":1,"cave_dweller:cave_dweller":1},"minecraft:dropped":{"minecraft:brown_mushroom":1,"minecraft:wheat_seeds":2,"born_in_chaos_v1:fried_maggot":2,"minecraft:diamond":1,"minecraft:glass_bottle":1,"minecraft:cobblestone":2,"irons_spellbooks:scroll":1,"gravestone:obituary":26,"minecraft:gold_nugget":3,"minecraft:string":11,"born_in_chaos_v1:smoked_fish":1,"born_in_chaos_v1:ethereal_spirit":2,"minecraft:oak_planks":4,"irons_spellbooks:invisibility_elixir":1,"minecraft:filled_map":1,"minecraft:gunpowder":10,"born_in_chaos_v1:corpse_maggot":2,"minecraft:melon_seeds":8,"minecraft:wooden_pickaxe":2},"minecraft:picked_up":{"irons_spellbooks:scroll":1,"minecraft:crafting_table":2,"minecraft:mud":1,"minecraft:coarse_dirt":2,"born_in_chaos_v1:diamond_termite_shard":1,"minecraft:brown_mushroom":5,"minecraft:wooden_pickaxe":1,"boh:spinel":4,"occultism:raw_silver":2,"minecraft:stone_brick_wall":1,"minecraft:potion":1,"minecraft:enchanted_book":1,"regions_unexplored:maple_planks":1,"minecraft:chain":1,"gravestone:obituary":21,"minecraft:amethyst_block":8,"born_in_chaos_v1:black_argillite":17,"minecraft:raw_copper":13,"minecraft:candle":16,"minecraft:gold_nugget":7,"minecraft:cobbled_deepslate":51,"minecraft:spruce_planks":18,"regions_unexplored:maple_shrub":1,"born_in_chaos_v1:gnawed_bones":2,"minecraft:calcite":2,"minecraft:furnace":1,"minecraft:stick":7,"minecraft:raw_iron":22,"minecraft:oak_door":2,"minecraft:copper_ingot":2,"minecraft:torch":8,"born_in_chaos_v1:fried_maggot":2,"minecraft:arrow":3,"minecraft:rotten_flesh":6,"regions_unexplored:maple_sapling":1,"irons_spellbooks:invisibility_elixir":2,"minecraft:iron_bars":1,"minecraft:cod":5,"minecraft:cobblestone":113,"regions_unexplored:peat_dirt":7,"born_in_chaos_v1:corpse_maggot":20,"minecraft:magma_block":3,"minecraft:mud_bricks":1,"born_in_chaos_v1:monster_flesh":2,"minecraft:salmon":1,"minecraft:smoker":1,"biomesoplenty:dead_log":7,"minecraft:filled_map":2,"minecraft:mushroom_stew":2,"minecraft:oak_log":2,"minecraft:gunpowder":20,"minecraft:cobblestone_stairs":1,"minecraft:dirt":16,"minecraft:paper":2,"minecraft:lantern":3,"born_in_chaos_v1:monster_skin":3,"minecraft:bone":13,"minecraft:kelp":54,"minecraft:bow":1,"minecraft:wheat_seeds":2,"minecraft:stripped_oak_wood":14,"minecraft:glass_bottle":2,"minecraft:oak_planks":15,"minecraft:book":6,"minecraft:smooth_basalt":2,"born_in_chaos_v1:ethereal_spirit":2,"biomesoplenty:dead_planks":5,"minecraft:amethyst_shard":8,"minecraft:stripped_spruce_log":5,"minecraft:spruce_log":14,"minecraft:spruce_door":2,"minecraft:mossy_cobblestone":1,"minecraft:yellow_carpet":1,"regions_unexplored:maple_log":15,"born_in_chaos_v1:rotten_fish":2,"minecraft:coal":103},"minecraft:used":{"minecraft:chest":3,"minecraft:spruce_planks":43,"born_in_chaos_v1:smoked_fish":1,"born_in_chaos_v1:black_argillite":14,"minecraft:iron_sword":59,"born_in_chaos_v1:fried_maggot":11,"minecraft:rotten_flesh":4,"minecraft:oak_door":6,"regions_unexplored:maple_planks":48,"minecraft:torch":22,"minecraft:dirt":14,"minecraft:yellow_carpet":1,"born_in_chaos_v1:corpse_maggot":7,"minecraft:lantern":2,"born_in_chaos_v1:gnawed_bones":2,"minecraft:magma_block":1,"minecraft:furnace":6,"minecraft:cobbled_deepslate":3,"biomesoplenty:dead_log":1,"minecraft:oak_planks":38,"minecraft:stone_pickaxe":109,"regions_unexplored:peat_dirt":7,"minecraft:wooden_pickaxe":3,"minecraft:brown_mushroom":1,"minecraft:salmon":1,"minecraft:crafting_table":4,"minecraft:mushroom_stew":2,"biomesoplenty:dead_planks":28,"minecraft:cod":5,"minecraft:stone_brick_wall":1,"minecraft:smoker":1,"minecraft:spruce_log":5,"minecraft:mud":1,"born_in_chaos_v1:monster_flesh":1,"minecraft:bread":1,"minecraft:iron_pickaxe":249,"minecraft:stone_axe":177,"minecraft:cobblestone":25,"minecraft:coarse_dirt":2,"minecraft:candle":3},"minecraft:mined":{"minecraft:large_amethyst_bud":1,"minecraft:spruce_planks":22,"regions_unexplored:maple_planks":1,"minecraft:mossy_cobblestone":3,"minecraft:candle":6,"regions_unexplored:maple_log":15,"minecraft:cobblestone_stairs":1,"biomesoplenty:dead_leaves":1,"gravestone:gravestone":9,"minecraft:grass_block":14,"born_in_chaos_v1:black_argillite":19,"occultism:silver_ore_deepslate":1,"regions_unexplored:maple_leaves":12,"minecraft:kelp":3,"born_in_chaos_v1:gnawed_bones":1,"minecraft:tall_seagrass":1,"minecraft:magma_block":1,"minecraft:furnace":1,"minecraft:iron_ore":16,"minecraft:cobbled_deepslate":1,"minecraft:stripped_spruce_log":5,"minecraft:bookshelf":2,"minecraft:deepslate_iron_ore":5,"minecraft:lantern":1,"regions_unexplored:medium_grass":3,"irons_spellbooks:firefly_jar":1,"minecraft:stone":94,"minecraft:podzol":1,"minecraft:brown_mushroom":5,"minecraft:kelp_plant":12,"minecraft:medium_amethyst_bud":2,"minecraft:smoker":1,"regions_unexplored:maple_branch":1,"minecraft:amethyst_cluster":2,"minecraft:crafting_table":3,"regions_unexplored:peat_grass_block":8,"minecraft:calcite":1,"minecraft:dead_bush":2,"minecraft:copper_ore":4,"minecraft:cobblestone":23,"minecraft:oak_planks":17,"minecraft:wall_torch":3,"minecraft:amethyst_block":5,"minecraft:coarse_dirt":1,"boh:spinel_ore_ore":4,"minecraft:mud":1,"minecraft:spruce_log":1,"minecraft:stripped_oak_wood":15,"minecraft:grass":6,"biomesoplenty:dead_log":7,"minecraft:oak_log":2,"minecraft:coal_ore":41,"regions_unexplored:peat_dirt":2,"minecraft:gravel":1,"minecraft:dirt":4,"minecraft:smooth_basalt":3,"biomesoplenty:dead_planks":7,"regions_unexplored:maple_shrub":1,"minecraft:oak_leaves":7,"minecraft:deepslate":56}},"DataVersion":3465}