{"stats":{"minecraft:crafted":{"minecraft:smooth_stone":1,"minecraft:oak_planks":3,"regions_unexplored:maple_planks":2,"minecraft:furnace":1,"minecraft:stone":1,"minecraft:mushroom_stew":4,"stalwart_dungeons:golden_hammer":1,"minecraft:iron_axe":1,"born_in_chaos_v1:fried_maggot":6,"minecraft:stone_pickaxe":1,"minecraft:wheat":3,"biomesoplenty:dead_planks":5,"minecraft:crafting_table":3,"minecraft:spruce_planks":33,"minecraft:wooden_pickaxe":1,"minecraft:spruce_door":3,"minecraft:bowl":4,"minecraft:stone_axe":2,"minecraft:bread":9,"minecraft:air":137,"minecraft:iron_chestplate":1,"minecraft:shield":1,"minecraft:stick":16,"minecraft:iron_ingot":36,"minecraft:iron_pickaxe":1,"minecraft:wooden_axe":1,"minecraft:iron_leggings":1,"minecraft:gold_ingot":18},"minecraft:custom":{"minecraft:mob_kills":25,"minecraft:interact_with_crafting_table":18,"minecraft:leave_game":3,"minecraft:time_since_death":10256,"minecraft:climb_one_cm":4258,"minecraft:sprint_one_cm":67677,"minecraft:walk_one_cm":202661,"minecraft:drop":67,"minecraft:play_time":97260,"minecraft:sneak_time":16145,"minecraft:deaths":3,"minecraft:walk_under_water_one_cm":35276,"minecraft:jump":1026,"minecraft:walk_on_water_one_cm":33291,"minecraft:total_world_time":97260,"minecraft:interact_with_furnace":42,"minecraft:sleep_in_bed":1,"minecraft:time_since_rest":10279,"minecraft:damage_taken":2287,"minecraft:damage_absorbed":40,"minecraft:damage_dealt":4284,"minecraft:swim_one_cm":85814,"minecraft:fly_one_cm":179249,"minecraft:open_chest":29,"minecraft:crouch_one_cm":47628,"minecraft:interact_with_smoker":1,"minecraft:fall_one_cm":35311},"minecraft:killed":{"born_in_chaos_v1:restless_spirit":1,"minecraft:cod":4,"minecraft:skeleton":2,"born_in_chaos_v1:corpse_fish":5,"born_in_chaos_v1:diamond_termite":2,"minecraft:salmon":3,"minecraft:zombie":2,"born_in_chaos_v1:corpse_fly":4,"born_in_chaos_v1:door_knight":1},"minecraft:killed_by":{"born_in_chaos_v1:nightmare_stalker":1,"man:managgresive":1},"minecraft:dropped":{"biomesoplenty:dead_planks":2,"minecraft:wheat_seeds":4,"born_in_chaos_v1:fried_maggot":2,"minecraft:glass_bottle":1,"minecraft:yellow_carpet":1,"minecraft:mushroom_stew":2,"minecraft:cobblestone_stairs":1,"born_in_chaos_v1:monster_flesh":1,"minecraft:torch":2,"minecraft:wooden_axe":1,"minecraft:potion":2,"gravestone:obituary":5,"minecraft:gold_nugget":12,"minecraft:smooth_basalt":3,"minecraft:stone_axe":1,"minecraft:kelp":15,"minecraft:iron_nugget":7,"minecraft:bowl":1,"minecraft:rotten_flesh":8,"occultism:raw_silver":1,"irons_spellbooks:invisibility_elixir":1,"minecraft:filled_map":1,"regions_unexplored:peat_dirt":1,"minecraft:cobblestone_slab":4,"minecraft:mud_bricks":1,"minecraft:oak_button":3,"minecraft:spruce_planks":2,"minecraft:stone_brick_wall":1,"born_in_chaos_v1:diamond_termite_shard":1,"minecraft:spruce_log":9,"minecraft:iron_bars":1,"minecraft:arrow":4,"minecraft:stone_pickaxe":1,"minecraft:wooden_pickaxe":1,"minecraft:calcite":1,"minecraft:magma_block":2},"minecraft:picked_up":{"irons_spellbooks:scroll":1,"minecraft:crafting_table":4,"minecraft:charcoal":2,"minecraft:coarse_dirt":1,"born_in_chaos_v1:diamond_termite_shard":1,"minecraft:brown_mushroom":7,"boh:spinel":8,"occultism:raw_silver":1,"minecraft:stone_brick_wall":1,"gravestone:obituary":3,"born_in_chaos_v1:black_argillite":2,"minecraft:string":15,"cannibal:bone_mask":1,"born_in_chaos_v1:smoked_fish":1,"minecraft:gold_nugget":12,"minecraft:cobbled_deepslate":28,"minecraft:spruce_planks":4,"minecraft:cobblestone_slab":6,"minecraft:calcite":1,"minecraft:chest":2,"irons_spellbooks:inscription_table":2,"minecraft:furnace":2,"minecraft:stick":2,"minecraft:raw_iron":39,"minecraft:torch":2,"irons_spellbooks:alchemist_cauldron":1,"born_in_chaos_v1:fried_maggot":2,"minecraft:arrow":4,"minecraft:rotten_flesh":8,"minecraft:hay_block":3,"minecraft:iron_bars":1,"minecraft:cod":3,"minecraft:cobblestone":95,"born_in_chaos_v1:corpse_maggot":7,"regions_unexplored:peat_dirt":1,"minecraft:magma_block":5,"minecraft:mud_bricks":1,"minecraft:feather":3,"born_in_chaos_v1:monster_flesh":2,"minecraft:salmon":3,"minecraft:black_bed":2,"minecraft:red_mushroom":2,"biomesoplenty:dead_log":5,"minecraft:filled_map":1,"minecraft:oak_log":3,"minecraft:cobblestone_stairs":1,"minecraft:dirt":1,"minecraft:lantern":5,"minecraft:bone":5,"minecraft:apple":1,"minecraft:kelp":15,"minecraft:wheat_seeds":4,"minecraft:raw_gold":18,"minecraft:iron_ingot":2,"minecraft:oak_planks":3,"minecraft:book":18,"minecraft:smooth_basalt":3,"born_in_chaos_v1:ethereal_spirit":1,"biomesoplenty:dead_planks":5,"minecraft:amethyst_shard":4,"minecraft:spruce_log":82,"minecraft:spruce_door":2,"minecraft:yellow_carpet":1,"minecraft:diamond":1,"regions_unexplored:maple_log":2,"minecraft:oak_button":3,"minecraft:melon_seeds":8,"minecraft:coal":54},"minecraft:used":{"irons_spellbooks:inscription_table":1,"minecraft:spruce_planks":1,"born_in_chaos_v1:smoked_fish":1,"born_in_chaos_v1:black_argillite":2,"born_in_chaos_v1:fried_maggot":6,"minecraft:dirt":1,"born_in_chaos_v1:corpse_maggot":1,"minecraft:wooden_axe":2,"minecraft:lantern":3,"minecraft:iron_axe":27,"minecraft:magma_block":3,"minecraft:furnace":3,"minecraft:spruce_door":9,"minecraft:stone_pickaxe":106,"minecraft:oak_planks":3,"minecraft:wooden_pickaxe":21,"minecraft:cobblestone_slab":2,"minecraft:golden_apple":1,"minecraft:crafting_table":7,"minecraft:mushroom_stew":2,"biomesoplenty:dead_planks":14,"minecraft:black_bed":2,"stalwart_dungeons:golden_hammer":3,"minecraft:apple":1,"born_in_chaos_v1:monster_flesh":1,"minecraft:bread":9,"minecraft:iron_pickaxe":143,"minecraft:suspicious_stew":1,"minecraft:stone_axe":136,"minecraft:potion":2,"minecraft:cobblestone":51,"minecraft:coarse_dirt":1,"minecraft:experience_bottle":22},"minecraft:mined":{"minecraft:spruce_planks":2,"regions_unexplored:maple_log":2,"born_in_chaos_v1:infected_diamond_ore":1,"gravestone:gravestone":3,"biomesoplenty:dead_leaves":2,"minecraft:budding_amethyst":2,"minecraft:stone_brick_wall":1,"born_in_chaos_v1:black_argillite":2,"occultism:silver_ore_deepslate":1,"minecraft:mud_bricks":1,"minecraft:red_mushroom":1,"minecraft:hay_block":3,"minecraft:magma_block":5,"regions_unexplored:stone_bud":1,"minecraft:furnace":2,"minecraft:iron_ore":33,"minecraft:cobbled_deepslate":1,"regions_unexplored:mossy_stone":1,"minecraft:bookshelf":6,"minecraft:deepslate_iron_ore":10,"minecraft:cobblestone_slab":3,"minecraft:iron_bars":1,"minecraft:lantern":6,"realmrpg_skeletons:arrow_skeleton":1,"irons_spellbooks:inscription_table":2,"minecraft:stone":84,"minecraft:brown_mushroom":6,"minecraft:kelp_plant":1,"irons_spellbooks:alchemist_cauldron":1,"minecraft:medium_amethyst_bud":1,"minecraft:amethyst_cluster":1,"minecraft:spruce_door":4,"minecraft:crafting_table":4,"minecraft:torch":1,"minecraft:calcite":2,"minecraft:chest":2,"minecraft:campfire":1,"minecraft:cobblestone":16,"minecraft:deepslate_gold_ore":6,"minecraft:oak_planks":2,"minecraft:wall_torch":2,"minecraft:amethyst_block":3,"minecraft:coarse_dirt":2,"boh:spinel_ore_ore":8,"realmrpg_skeletons:webbed_skeleton":1,"minecraft:spruce_log":87,"minecraft:black_bed":2,"biomesoplenty:dead_log":5,"minecraft:coal_ore":29,"minecraft:oak_log":3,"minecraft:smooth_basalt":2,"biomesoplenty:dead_planks":3,"minecraft:gold_ore":12,"minecraft:oak_leaves":1,"minecraft:deepslate":26}},"DataVersion":3465}