{"stats":{"minecraft:broken":{"minecraft:iron_shovel":2,"minecraft:shears":1,"minecraft:iron_boots":1,"minecraft:stone_pickaxe":1,"minecraft:iron_hoe":1,"minecraft:iron_axe":2,"minecraft:iron_helmet":1},"minecraft:dropped":{"minecraft:oak_log":1,"born_in_chaos_v1:monster_flesh":4,"minecraft:dirt":1,"gravestone:obituary":8,"irons_spellbooks:gold_spell_book":1,"minecraft:sunflower":3,"minecraft:bone":5,"minecraft:cooked_chicken":2,"born_in_chaos_v1:fire_dust":4,"minecraft:cobbled_deepslate":1,"minecraft:rotten_flesh":7,"born_in_chaos_v1:smoked_flesh":24,"occultism:raw_silver":1,"minecraft:cooked_mutton":1,"born_in_chaos_v1:corpse_maggot":2,"minecraft:arrow":9,"minecraft:beef":1,"minecraft:netherrack":1,"nether_remastered:seal_of_the_underworld_item":1,"minecraft:enchanted_book":1,"minecraft:wheat_seeds":1,"minecraft:feather":5,"minecraft:cobblestone":57,"born_in_chaos_v1:black_argillite_column_slab":1,"minecraft:coal":11,"minecraft:iron_axe":1,"minecraft:string":4,"create:raw_zinc":2,"minecraft:redstone":9,"minecraft:raw_copper":1,"born_in_chaos_v1:spiritual_dust":4,"minecraft:iron_chestplate":2,"minecraft:oak_sapling":1,"minecraft:wooden_pickaxe":1,"born_in_chaos_v1:bone_heart":2},"minecraft:used":{"minecraft:nether_brick_fence":4,"minecraft:iron_shovel":517,"born_in_chaos_v1:intoxicating_decoction":1,"minecraft:chest":4,"minecraft:shield":37,"minecraft:red_nether_brick_stairs":3,"minecraft:iron_chestplate":1,"biomesoplenty:umbran_log":60,"minecraft:nether_bricks":1,"minecraft:obsidian":4,"born_in_chaos_v1:smoked_flesh":12,"minecraft:lantern":1,"minecraft:iron_helmet":1,"minecraft:item_frame":1,"minecraft:sweet_berries":78,"minecraft:furnace":4,"minecraft:oak_sapling":25,"minecraft:skeleton_skull":2,"biomesoplenty:fir_fence":21,"minecraft:stone_pickaxe":131,"occultism:datura_seeds":3,"minecraft:wooden_pickaxe":10,"biomesoplenty:fir_planks":8,"regions_unexplored:pointed_redstone":1,"minecraft:blue_bed":3,"minecraft:golden_apple":2,"biomesoplenty:umbran_door":2,"minecraft:shears":109,"biomesoplenty:umbran_planks":31,"minecraft:bread":21,"biomesoplenty:fir_stairs":7,"minecraft:spore_blossom":1,"minecraft:gravel":2,"minecraft:lilac":2,"minecraft:bone_meal":141,"nether_remastered:seal_of_the_underworld_item":1,"minecraft:oak_fence":23,"minecraft:flint_and_steel":2,"minecraft:netherrack":6,"minecraft:cooked_chicken":5,"minecraft:torch":4,"minecraft:dirt":191,"minecraft:white_carpet":3,"minecraft:iron_hoe":496,"realmrpg_creep:creeping_sprout":1,"minecraft:iron_axe":573,"biomesoplenty:umbran_sapling":15,"minecraft:basalt":4,"minecraft:golden_carrot":2,"minecraft:beef":1,"minecraft:cobbled_deepslate":8,"minecraft:wheat_seeds":133,"minecraft:cooked_mutton":3,"born_in_chaos_v1:mint_ice_cream":2,"minecraft:water_bucket":12,"born_in_chaos_v1:stimulating_decoction":1,"minecraft:crafting_table":11,"occultism:datura":1,"minecraft:oak_log":5,"minecraft:diamond_pickaxe":17,"minecraft:apple":7,"biomesoplenty:porous_flesh":1,"minecraft:sunflower":3,"minecraft:iron_pickaxe":349,"minecraft:spruce_sapling":2,"minecraft:stone_axe":75,"minecraft:cobblestone":31,"minecraft:cooked_porkchop":4,"minecraft:bucket":13,"irons_spellbooks:inscription_table":1},"minecraft:killed_by":{"endofherobrine:cow":1,"born_in_chaos_v1:bone_imp_minion":2,"realmrpg_demons:demon_minion":2,"realmrpg_demons:chort":1,"stalwart_dungeons:giddy_blaze":1},"minecraft:crafted":{"minecraft:oak_planks":36,"minecraft:cooked_chicken":4,"usefulbackpacks:backpack_small":1,"minecraft:iron_boots":2,"minecraft:chest":4,"minecraft:oak_fence":6,"minecraft:cooked_porkchop":1,"minecraft:crafting_table":6,"minecraft:spruce_planks":48,"minecraft:wooden_pickaxe":1,"minecraft:iron_helmet":2,"biomesoplenty:fir_planks":50,"minecraft:iron_chestplate":1,"minecraft:diamond_pickaxe":1,"minecraft:shield":2,"minecraft:stick":37,"minecraft:iron_pickaxe":2,"minecraft:iron_ingot":56,"minecraft:gold_ingot":8,"minecraft:shears":1,"minecraft:iron_nugget":36,"minecraft:furnace":3,"minecraft:bone_meal":51,"minecraft:spruce_fence":3,"minecraft:white_carpet":1,"minecraft:flint_and_steel":1,"minecraft:lantern":4,"minecraft:iron_axe":4,"minecraft:spruce_slab":6,"minecraft:iron_hoe":2,"minecraft:stone_pickaxe":1,"biomesoplenty:umbran_planks":19,"biomesoplenty:umbran_door":3,"minecraft:bucket":1,"minecraft:stone_axe":1,"born_in_chaos_v1:bone_heart":4,"minecraft:air":449,"minecraft:bread":17,"biomesoplenty:umbran_sapling":1,"biomesoplenty:fir_fence":8,"minecraft:white_wool":1,"minecraft:golden_apple":1,"minecraft:white_dye":4,"minecraft:iron_shovel":3,"minecraft:iron_leggings":1,"irons_spellbooks:inscription_table":1,"minecraft:torch":4},"minecraft:mined":{"create:deepslate_zinc_ore":1,"minecraft:spruce_planks":2,"minecraft:oak_sapling":1,"minecraft:obsidian":1,"biomesoplenty:umbran_planks":22,"minecraft:grass_block":418,"born_in_chaos_v1:dark_metal_deposit":7,"minecraft:coal_block":15,"occultism:datura":3,"minecraft:nether_wart":3,"realmrpg_skeletons:dungeon_crawler_skeleton":1,"minecraft:spawner":9,"regions_unexplored:pointed_redstone":15,"minecraft:red_nether_brick_stairs":4,"minecraft:iron_ore":37,"minecraft:fire":4,"minecraft:deepslate_lapis_ore":1,"minecraft:azure_bluet":2,"minecraft:nether_brick_stairs":1,"minecraft:red_tulip":10,"minecraft:iron_bars":4,"minecraft:pink_tulip":9,"born_in_chaos_v1:black_argillite_n":1,"minecraft:torch":3,"minecraft:poppy":2,"minecraft:cobblestone":12,"realmrpg_skeletons:thief_skeleton":1,"pots_and_mimics:nether_treasure_pot":1,"minecraft:wall_torch":1,"minecraft:skeleton_skull":2,"minecraft:seagrass":2,"minecraft:chain":1,"boh:spinel_ore_ore":14,"minecraft:wheat":58,"biomesoplenty:hair":1,"minecraft:lilac":16,"minecraft:orange_tulip":6,"biomesoplenty:umbran_log":103,"biomesoplenty:fir_log":86,"minecraft:grass":215,"minecraft:oak_log":30,"minecraft:dirt":135,"biomesoplenty:umbran_leaves":24,"minecraft:netherrack":22,"minecraft:oak_leaves":488,"minecraft:deepslate":40,"minecraft:crying_obsidian":3,"minecraft:deepslate_diamond_ore":2,"gravestone:gravestone":8,"minecraft:nether_bricks":3,"born_in_chaos_v1:black_argillite":1,"occultism:silver_ore_deepslate":1,"minecraft:spruce_leaves":30,"minecraft:spore_blossom":1,"minecraft:furnace":4,"regions_unexplored:larch_leaves":1,"minecraft:nether_brick_fence":8,"minecraft:bookshelf":41,"minecraft:deepslate_iron_ore":44,"biomesoplenty:fir_stairs":3,"minecraft:lantern":1,"regions_unexplored:medium_grass":1,"minecraft:white_tulip":11,"minecraft:stone":129,"regions_unexplored:redstone_bulb":18,"biomesoplenty:porous_flesh":8,"minecraft:basalt":2,"minecraft:dandelion":4,"minecraft:oak_fence":6,"minecraft:crafting_table":7,"biomesoplenty:fir_planks":8,"minecraft:rose_bush":23,"endofherobrine:glowing_obsidian":9,"born_in_chaos_v1:chipped_black_argillite_brick":1,"biomesoplenty:sprout":222,"minecraft:deepslate_gold_ore":18,"biomesoplenty:umbran_sapling":1,"minecraft:blue_bed":4,"regions_unexplored:redstone_bud":3,"biomesoplenty:fir_fence":2,"minecraft:sweet_berry_bush":1,"minecraft:spruce_log":47,"minecraft:bee_nest":1,"minecraft:coal_ore":51,"biomesoplenty:fir_leaves":2,"minecraft:sunflower":62,"minecraft:gravel":3,"minecraft:cracked_stone_bricks":1,"minecraft:gold_ore":2,"pots_and_mimics:treasure_pot":6},"minecraft:picked_up":{"regions_unexplored:pointed_redstone":54,"irons_spellbooks:scroll":6,"minecraft:iron_chestplate":1,"minecraft:wheat":58,"minecraft:nether_brick_fence":8,"minecraft:lead":2,"boh:spinel":13,"minecraft:enchanted_book":2,"minecraft:nether_brick":17,"minecraft:stone_brick_stairs":1,"born_in_chaos_v1:black_argillite":1,"minecraft:string":12,"cannibal:bone_mask":1,"minecraft:raw_copper":1,"minecraft:cobbled_deepslate":37,"biomesoplenty:fir_planks":8,"minecraft:spruce_planks":1,"minecraft:white_tulip":11,"minecraft:rose_bush":26,"born_in_chaos_v1:stimulating_decoction":1,"minecraft:coal_block":15,"nether_remastered:obisidian_infused_bottle":1,"minecraft:furnace":4,"minecraft:tipped_arrow":3,"minecraft:stick":27,"born_in_chaos_v1:shattered_skull":2,"minecraft:oak_fence":6,"minecraft:torch":4,"biomesoplenty:umbran_planks":22,"minecraft:porkchop":6,"nether_remastered:seal_of_the_underworld_item":1,"minecraft:rotten_flesh":9,"minecraft:red_tulip":10,"biomesoplenty:fir_slab":7,"occultism:datura":2,"minecraft:blaze_rod":11,"minecraft:obsidian":1,"minecraft:cobblestone":124,"occultism:datura_seeds":13,"minecraft:feather":12,"minecraft:lilac":15,"born_in_chaos_v1:spiritual_dust":12,"minecraft:potato":32,"biomesoplenty:fir_log":85,"minecraft:flint":1,"create:raw_zinc":2,"biomesoplenty:fir_stairs":7,"minecraft:dirt":552,"minecraft:lantern":2,"minecraft:bone":30,"minecraft:orange_tulip":6,"minecraft:wheat_seeds":193,"minecraft:raw_gold":20,"minecraft:cooked_porkchop":3,"irons_spellbooks:frozen_bone":20,"biomesoplenty:fir_fence":2,"minecraft:nether_brick_stairs":1,"irons_spellbooks:blaze_spell_book":1,"born_in_chaos_v1:fire_dust":2,"minecraft:diamond":2,"minecraft:grass":2,"minecraft:bread":4,"minecraft:oak_sapling":28,"minecraft:netherrack":24,"minecraft:oak_leaves":29,"minecraft:crafting_table":6,"minecraft:azure_bluet":2,"minecraft:chicken":7,"minecraft:nether_wart":4,"born_in_chaos_v1:seedof_chaos":3,"occultism:raw_silver":1,"gravestone:obituary":1,"minecraft:shield":1,"minecraft:netherite_scrap":1,"born_in_chaos_v1:intoxicating_decoction":1,"minecraft:item_frame":1,"dungeonnowloading:spawner_fragment":32,"minecraft:beef":2,"biomesoplenty:sprout":2,"minecraft:poppy":4,"minecraft:light_gray_wool":1,"minecraft:raw_iron":83,"born_in_chaos_v1:pieceofdarkmetal":10,"minecraft:redstone":9,"irons_spellbooks:gold_spell_book":1,"minecraft:arrow":11,"regions_unexplored:redstone_bulb":17,"biomesoplenty:umbran_sapling":14,"minecraft:nether_bricks":4,"minecraft:pink_tulip":9,"minecraft:gold_ingot":3,"minecraft:mutton":5,"minecraft:skeleton_skull":2,"minecraft:white_wool":5,"born_in_chaos_v1:corpse_maggot":2,"born_in_chaos_v1:black_argillite_column_slab":1,"minecraft:basalt":4,"minecraft:golden_carrot":2,"minecraft:leather":5,"realmrpg_creep:creeping_sprout":1,"minecraft:oak_log":28,"minecraft:gunpowder":1,"minecraft:blue_bed":4,"minecraft:cooked_mutton":4,"minecraft:red_nether_brick_stairs":3,"minecraft:apple":5,"minecraft:spore_blossom":1,"born_in_chaos_v1:smoked_flesh":13,"minecraft:cooked_chicken":3,"biomesoplenty:umbran_log":103,"minecraft:book":122,"minecraft:sweet_berries":82,"born_in_chaos_v1:orbofthe_summoner":1,"born_in_chaos_v1:ethereal_spirit":1,"minecraft:dandelion":5,"minecraft:gravel":2,"born_in_chaos_v1:dark_rod":1,"biomesoplenty:porous_flesh":8,"minecraft:spruce_sapling":3,"minecraft:spruce_log":45,"minecraft:crying_obsidian":3,"minecraft:coal":72,"minecraft:sunflower":63},"minecraft:custom":{"minecraft:animals_bred":4,"minecraft:interact_with_crafting_table":53,"minecraft:open_barrel":48,"minecraft:bell_ring":7,"minecraft:leave_game":4,"minecraft:time_since_death":588,"minecraft:damage_resisted":16,"minecraft:sprint_one_cm":549396,"minecraft:damage_blocked_by_shield":2560,"minecraft:drop":61,"minecraft:talked_to_villager":3,"minecraft:play_time":279622,"minecraft:deaths":8,"minecraft:jump":3966,"minecraft:interact_with_brewingstand":5,"minecraft:walk_on_water_one_cm":5091,"minecraft:interact_with_furnace":59,"minecraft:traded_with_villager":1,"minecraft:sleep_in_bed":9,"minecraft:waystone_activated":1,"minecraft:damage_dealt":20319,"minecraft:player_kills":1,"minecraft:crouch_one_cm":77835,"minecraft:mob_kills":102,"minecraft:interact_with_campfire":6,"minecraft:damage_dealt_resisted":1611,"minecraft:climb_one_cm":13399,"minecraft:walk_one_cm":826479,"minecraft:sneak_time":21163,"minecraft:walk_under_water_one_cm":981,"minecraft:total_world_time":279622,"minecraft:time_since_rest":617,"minecraft:damage_taken":5103,"minecraft:damage_absorbed":50,"minecraft:swim_one_cm":4222,"minecraft:fly_one_cm":713937,"minecraft:open_chest":153,"minecraft:fall_one_cm":92407},"minecraft:killed":{"endofherobrine:silverfish":12,"minecraft:cave_spider":1,"pots_and_mimics:pot_crab":1,"minecraft:spider":5,"born_in_chaos_v1:siamese_skeletonsright":1,"minecraft:skeleton":4,"minecraft:chicken":7,"realmrpg_demons:chort":2,"born_in_chaos_v1:supreme_bonescaller_stage_2":1,"born_in_chaos_v1:firelight_not_despawn":2,"irons_spellbooks:spectral_steed":1,"minecraft:magma_cube":1,"minecraft:piglin":1,"minecraft:pig":4,"stalwart_dungeons:giddy_blaze":11,"minecraft:sheep":4,"minecraft:trader_llama":2,"minecraft:zombie":2,"born_in_chaos_v1:corpse_fly":1,"minecraft:stray":4,"minecraft:cow":2,"minecraft:blaze":5,"born_in_chaos_v1:zombie_clown_not_despawn":1,"born_in_chaos_v1:maggot":4,"stalwart_dungeons:nether_wart_cocoon":2,"born_in_chaos_v1:bone_imp_minion":4,"minecraft:wandering_trader":1,"born_in_chaos_v1:decrepit_skeleton":2,"born_in_chaos_v1:decaying_zombie":1,"born_in_chaos_v1:bonescaller_not_despawn":2,"born_in_chaos_v1:dark_vortex":1,"minecraft:wither_skeleton":9}},"DataVersion":3465}