{"stats":{"minecraft:crafted":{"minecraft:oak_planks":36,"minecraft:iron_nugget":36,"minecraft:cooked_chicken":4,"usefulbackpacks:backpack_small":1,"minecraft:furnace":3,"minecraft:bone_meal":51,"minecraft:spruce_fence":3,"minecraft:white_carpet":1,"minecraft:flint_and_steel":1,"minecraft:lantern":4,"minecraft:iron_boots":1,"minecraft:iron_axe":4,"minecraft:iron_hoe":2,"minecraft:spruce_slab":6,"minecraft:stone_pickaxe":1,"minecraft:chest":4,"minecraft:oak_fence":6,"biomesoplenty:umbran_planks":19,"minecraft:cooked_porkchop":1,"minecraft:crafting_table":5,"minecraft:spruce_planks":48,"minecraft:wooden_pickaxe":1,"minecraft:iron_helmet":1,"minecraft:bucket":1,"born_in_chaos_v1:bone_heart":4,"minecraft:stone_axe":1,"minecraft:bread":17,"minecraft:air":446,"biomesoplenty:fir_planks":46,"biomesoplenty:umbran_sapling":1,"biomesoplenty:fir_fence":8,"minecraft:white_wool":1,"minecraft:iron_chestplate":1,"minecraft:golden_apple":1,"minecraft:diamond_pickaxe":1,"minecraft:shield":2,"minecraft:white_dye":4,"minecraft:stick":37,"minecraft:iron_ingot":56,"minecraft:iron_pickaxe":2,"minecraft:iron_shovel":3,"minecraft:iron_leggings":1,"minecraft:gold_ingot":8,"irons_spellbooks:inscription_table":1,"minecraft:torch":4,"minecraft:shears":1},"minecraft:killed":{"endofherobrine:silverfish":12,"minecraft:cave_spider":1,"pots_and_mimics:pot_crab":1,"born_in_chaos_v1:zombie_clown_not_despawn":1,"minecraft:spider":5,"born_in_chaos_v1:siamese_skeletonsright":1,"born_in_chaos_v1:maggot":4,"minecraft:skeleton":4,"minecraft:chicken":7,"realmrpg_demons:chort":2,"born_in_chaos_v1:supreme_bonescaller_stage_2":1,"born_in_chaos_v1:firelight_not_despawn":2,"irons_spellbooks:spectral_steed":1,"minecraft:pig":3,"born_in_chaos_v1:bone_imp_minion":4,"minecraft:wandering_trader":1,"born_in_chaos_v1:decrepit_skeleton":2,"minecraft:sheep":4,"minecraft:trader_llama":2,"born_in_chaos_v1:decaying_zombie":1,"minecraft:zombie":2,"born_in_chaos_v1:bonescaller_not_despawn":2,"minecraft:stray":4,"minecraft:cow":2},"minecraft:mined":{"create:deepslate_zinc_ore":1,"minecraft:spruce_planks":2,"minecraft:oak_sapling":1,"minecraft:deepslate_diamond_ore":2,"minecraft:obsidian":1,"gravestone:gravestone":5,"biomesoplenty:umbran_planks":22,"born_in_chaos_v1:dark_metal_deposit":7,"minecraft:grass_block":418,"born_in_chaos_v1:black_argillite":1,"occultism:silver_ore_deepslate":1,"minecraft:spruce_leaves":30,"occultism:datura":3,"realmrpg_skeletons:dungeon_crawler_skeleton":1,"minecraft:spawner":8,"minecraft:spore_blossom":1,"minecraft:furnace":4,"minecraft:iron_ore":37,"minecraft:deepslate_lapis_ore":1,"regions_unexplored:larch_leaves":1,"minecraft:azure_bluet":2,"minecraft:bookshelf":41,"minecraft:red_tulip":10,"minecraft:deepslate_iron_ore":44,"biomesoplenty:fir_stairs":3,"minecraft:iron_bars":4,"minecraft:lantern":1,"minecraft:pink_tulip":9,"regions_unexplored:medium_grass":1,"born_in_chaos_v1:black_argillite_n":1,"minecraft:stone":129,"minecraft:white_tulip":11,"minecraft:dandelion":4,"minecraft:oak_fence":6,"minecraft:crafting_table":5,"minecraft:torch":3,"biomesoplenty:fir_planks":8,"minecraft:poppy":2,"minecraft:rose_bush":23,"endofherobrine:glowing_obsidian":9,"minecraft:cobblestone":11,"born_in_chaos_v1:chipped_black_argillite_brick":1,"biomesoplenty:sprout":221,"minecraft:deepslate_gold_ore":18,"biomesoplenty:umbran_sapling":1,"minecraft:wall_torch":1,"minecraft:blue_bed":4,"minecraft:skeleton_skull":2,"minecraft:seagrass":2,"minecraft:chain":1,"boh:spinel_ore_ore":14,"biomesoplenty:fir_fence":2,"minecraft:wheat":58,"minecraft:sweet_berry_bush":1,"minecraft:lilac":16,"minecraft:spruce_log":47,"minecraft:orange_tulip":6,"biomesoplenty:umbran_log":53,"biomesoplenty:fir_log":86,"minecraft:bee_nest":1,"minecraft:grass":215,"minecraft:coal_ore":51,"minecraft:oak_log":30,"biomesoplenty:fir_leaves":2,"minecraft:sunflower":62,"minecraft:gravel":3,"minecraft:dirt":126,"biomesoplenty:umbran_leaves":23,"minecraft:cracked_stone_bricks":1,"minecraft:gold_ore":2,"pots_and_mimics:treasure_pot":6,"minecraft:oak_leaves":488,"minecraft:deepslate":40},"minecraft:custom":{"minecraft:mob_kills":70,"minecraft:animals_bred":4,"minecraft:interact_with_crafting_table":50,"minecraft:open_barrel":27,"minecraft:interact_with_campfire":6,"minecraft:bell_ring":7,"minecraft:damage_dealt_resisted":1611,"minecraft:leave_game":3,"minecraft:time_since_death":68526,"minecraft:climb_one_cm":13399,"minecraft:sprint_one_cm":439285,"minecraft:walk_one_cm":670014,"minecraft:damage_blocked_by_shield":2026,"minecraft:drop":45,"minecraft:talked_to_villager":3,"minecraft:play_time":223153,"minecraft:deaths":4,"minecraft:sneak_time":16155,"minecraft:walk_under_water_one_cm":352,"minecraft:jump":3159,"minecraft:interact_with_brewingstand":5,"minecraft:walk_on_water_one_cm":4120,"minecraft:total_world_time":223153,"minecraft:interact_with_furnace":59,"minecraft:traded_with_villager":1,"minecraft:sleep_in_bed":8,"minecraft:waystone_activated":1,"minecraft:time_since_rest":59927,"minecraft:damage_taken":3414,"minecraft:damage_absorbed":40,"minecraft:damage_dealt":15840,"minecraft:swim_one_cm":2593,"minecraft:fly_one_cm":600272,"minecraft:open_chest":138,"minecraft:crouch_one_cm":56650,"minecraft:fall_one_cm":72456},"minecraft:dropped":{"minecraft:enchanted_book":1,"minecraft:wheat_seeds":1,"minecraft:oak_log":1,"minecraft:feather":5,"minecraft:cobblestone":57,"born_in_chaos_v1:black_argillite_column_slab":1,"minecraft:coal":11,"born_in_chaos_v1:monster_flesh":4,"gravestone:obituary":3,"irons_spellbooks:gold_spell_book":1,"minecraft:sunflower":3,"minecraft:iron_axe":1,"minecraft:string":4,"create:raw_zinc":2,"minecraft:bone":5,"minecraft:cooked_chicken":2,"born_in_chaos_v1:fire_dust":4,"minecraft:cobbled_deepslate":1,"minecraft:raw_copper":1,"minecraft:rotten_flesh":7,"born_in_chaos_v1:smoked_flesh":24,"occultism:raw_silver":1,"born_in_chaos_v1:spiritual_dust":4,"minecraft:cooked_mutton":1,"minecraft:iron_chestplate":2,"minecraft:oak_sapling":1,"minecraft:arrow":9,"minecraft:wooden_pickaxe":1,"minecraft:beef":1,"born_in_chaos_v1:bone_heart":2,"minecraft:netherrack":1},"minecraft:broken":{"minecraft:iron_shovel":2,"minecraft:shears":1,"minecraft:stone_pickaxe":1,"minecraft:iron_axe":1,"minecraft:iron_helmet":1,"minecraft:iron_hoe":1},"minecraft:picked_up":{"irons_spellbooks:scroll":4,"minecraft:iron_chestplate":1,"minecraft:crafting_table":4,"minecraft:wheat":58,"minecraft:azure_bluet":2,"minecraft:chicken":7,"born_in_chaos_v1:seedof_chaos":3,"minecraft:lead":2,"boh:spinel":13,"occultism:raw_silver":1,"minecraft:enchanted_book":2,"minecraft:stone_brick_stairs":1,"born_in_chaos_v1:black_argillite":1,"minecraft:string":12,"minecraft:raw_copper":1,"born_in_chaos_v1:intoxicating_decoction":1,"dungeonnowloading:spawner_fragment":32,"minecraft:cobbled_deepslate":37,"minecraft:spruce_planks":1,"biomesoplenty:fir_planks":8,"minecraft:beef":2,"minecraft:white_tulip":11,"minecraft:rose_bush":26,"minecraft:poppy":4,"biomesoplenty:sprout":2,"minecraft:light_gray_wool":1,"born_in_chaos_v1:stimulating_decoction":1,"minecraft:furnace":4,"minecraft:tipped_arrow":3,"minecraft:raw_iron":83,"minecraft:stick":27,"born_in_chaos_v1:shattered_skull":2,"minecraft:oak_fence":6,"minecraft:torch":4,"biomesoplenty:umbran_planks":22,"minecraft:porkchop":4,"born_in_chaos_v1:pieceofdarkmetal":10,"irons_spellbooks:gold_spell_book":1,"minecraft:arrow":11,"minecraft:rotten_flesh":9,"biomesoplenty:umbran_sapling":14,"occultism:datura":2,"minecraft:red_tulip":10,"minecraft:pink_tulip":9,"biomesoplenty:fir_slab":7,"minecraft:obsidian":1,"minecraft:mutton":5,"minecraft:skeleton_skull":2,"minecraft:white_wool":5,"minecraft:cobblestone":123,"occultism:datura_seeds":13,"born_in_chaos_v1:black_argillite_column_slab":1,"minecraft:feather":12,"minecraft:lilac":15,"born_in_chaos_v1:spiritual_dust":12,"minecraft:leather":5,"realmrpg_creep:creeping_sprout":1,"minecraft:potato":32,"biomesoplenty:fir_log":85,"minecraft:flint":1,"create:raw_zinc":2,"minecraft:oak_log":28,"biomesoplenty:fir_stairs":7,"minecraft:gunpowder":1,"minecraft:blue_bed":4,"minecraft:dirt":539,"minecraft:lantern":2,"minecraft:cooked_mutton":4,"minecraft:bone":19,"minecraft:apple":5,"minecraft:orange_tulip":6,"minecraft:wheat_seeds":193,"minecraft:raw_gold":20,"minecraft:spore_blossom":1,"born_in_chaos_v1:smoked_flesh":13,"minecraft:cooked_chicken":3,"biomesoplenty:umbran_log":53,"minecraft:book":122,"irons_spellbooks:frozen_bone":20,"minecraft:cooked_porkchop":3,"minecraft:sweet_berries":82,"born_in_chaos_v1:orbofthe_summoner":1,"minecraft:dandelion":5,"minecraft:gravel":2,"biomesoplenty:fir_fence":2,"minecraft:spruce_sapling":3,"minecraft:spruce_log":45,"born_in_chaos_v1:fire_dust":2,"minecraft:diamond":2,"minecraft:grass":2,"minecraft:bread":4,"minecraft:oak_sapling":28,"minecraft:netherrack":1,"minecraft:coal":67,"minecraft:oak_leaves":29,"minecraft:sunflower":63},"minecraft:killed_by":{"endofherobrine:cow":1,"realmrpg_demons:chort":1,"born_in_chaos_v1:bone_imp_minion":2},"minecraft:used":{"irons_spellbooks:inscription_table":1,"minecraft:oak_fence":23,"minecraft:iron_shovel":517,"minecraft:flint_and_steel":2,"born_in_chaos_v1:intoxicating_decoction":1,"minecraft:chest":4,"minecraft:shield":28,"minecraft:cooked_chicken":5,"minecraft:iron_chestplate":1,"minecraft:torch":4,"minecraft:dirt":169,"biomesoplenty:umbran_log":34,"minecraft:white_carpet":3,"minecraft:obsidian":4,"minecraft:iron_hoe":496,"born_in_chaos_v1:smoked_flesh":12,"realmrpg_creep:creeping_sprout":1,"minecraft:lantern":1,"minecraft:iron_axe":467,"biomesoplenty:umbran_sapling":15,"minecraft:beef":1,"minecraft:sweet_berries":18,"minecraft:furnace":4,"minecraft:oak_sapling":25,"minecraft:skeleton_skull":2,"minecraft:cobbled_deepslate":8,"biomesoplenty:fir_fence":21,"minecraft:cooked_mutton":3,"minecraft:wheat_seeds":133,"born_in_chaos_v1:mint_ice_cream":2,"minecraft:water_bucket":12,"minecraft:stone_pickaxe":131,"occultism:datura_seeds":3,"minecraft:wooden_pickaxe":10,"biomesoplenty:fir_planks":8,"minecraft:blue_bed":3,"born_in_chaos_v1:stimulating_decoction":1,"minecraft:golden_apple":1,"minecraft:crafting_table":9,"occultism:datura":1,"minecraft:shears":109,"minecraft:oak_log":5,"minecraft:diamond_pickaxe":11,"biomesoplenty:umbran_planks":23,"minecraft:apple":7,"biomesoplenty:fir_stairs":7,"minecraft:bread":19,"minecraft:sunflower":3,"minecraft:iron_pickaxe":254,"minecraft:spore_blossom":1,"minecraft:spruce_sapling":2,"minecraft:gravel":2,"minecraft:lilac":2,"minecraft:stone_axe":75,"minecraft:cobblestone":30,"minecraft:cooked_porkchop":4,"minecraft:bucket":13,"minecraft:bone_meal":141}},"DataVersion":3465}